product_id,location,stock_level,daily_sales,expiry_days,lead_time_days,reorder_flag,timestamp
VITC004,Mumbai,227,12,83,9,0,2026-01-19T12:56:13.558520
AMOX002,Chennai,138,5,334,12,0,2026-01-19T12:56:13.558520
INS003,Delhi,240,7,41,11,0,2026-01-19T12:56:13.558520
INS003,Mumbai,176,5,69,7,0,2026-01-19T12:56:13.558520
VITC004,Mumbai,286,15,296,5,0,2026-01-19T12:56:13.558520
PCM001,Bangalore,186,6,207,11,0,2026-01-19T12:56:13.558520
INS003,Hyderabad,135,5,294,10,0,2026-01-19T12:56:13.558520
INS003,Hyderabad,176,8,244,4,0,2026-01-19T12:56:13.558520
VITC004,Mumbai,27,11,324,10,1,2026-01-19T12:56:13.558520
VITC004,Delhi,279,4,213,3,0,2026-01-19T12:56:13.558520
VITC004,Bangalore,52,16,247,13,1,2026-01-19T12:56:13.558520
VITC004,Chennai,253,17,333,14,0,2026-01-19T12:56:13.558520
AZI005,Chennai,293,6,41,12,0,2026-01-19T12:56:13.558520
AMOX002,Mumbai,216,18,358,11,0,2026-01-19T12:56:13.558520
PCM001,Delhi,212,22,195,14,1,2026-01-19T12:56:13.558520
VITC004,Mumbai,93,19,236,6,1,2026-01-19T12:56:13.558520
AMOX002,Delhi,19,9,184,4,1,2026-01-19T12:56:13.558520
INS003,Chennai,158,10,164,5,0,2026-01-19T12:56:13.558520
PCM001,Bangalore,276,21,48,14,1,2026-01-19T12:56:13.558520
AZI005,Delhi,73,2,313,14,0,2026-01-19T12:56:13.558520
VITC004,Chennai,250,25,254,7,0,2026-01-19T12:56:13.558520
AMOX002,Hyderabad,39,14,75,14,1,2026-01-19T12:56:13.558520
VITC004,Bangalore,168,13,227,5,0,2026-01-19T12:56:13.558520
AMOX002,Chennai,207,18,356,6,0,2026-01-19T12:56:13.558520
AZI005,Delhi,211,18,163,10,0,2026-01-19T12:56:13.558520
AMOX002,Hyderabad,110,21,38,5,0,2026-01-19T12:56:13.558520
VITC004,Delhi,27,25,239,6,1,2026-01-19T12:56:13.558520
PCM001,Mumbai,142,3,317,8,0,2026-01-19T12:56:13.558520
AMOX002,Hyderabad,289,18,174,4,0,2026-01-19T12:56:13.558520
INS003,Bangalore,92,6,227,11,0,2026-01-19T12:56:13.558520
INS003,Chennai,102,7,20,6,0,2026-01-19T12:56:13.558520
PCM001,Delhi,15,16,190,6,1,2026-01-19T12:56:13.558520
AMOX002,Mumbai,161,25,73,8,1,2026-01-19T12:56:13.558520
AMOX002,Delhi,209,1,62,2,0,2026-01-19T12:56:13.558520
AZI005,Chennai,257,7,129,9,0,2026-01-19T12:56:13.558520
VITC004,Bangalore,213,5,309,7,0,2026-01-19T12:56:13.558520
PCM001,Mumbai,25,11,34,9,1,2026-01-19T12:56:13.558520
AZI005,Bangalore,172,1,30,4,0,2026-01-19T12:56:13.558520
AZI005,Bangalore,76,4,240,11,0,2026-01-19T12:56:13.558520
VITC004,Delhi,42,5,31,10,1,2026-01-19T12:56:13.558520
AZI005,Chennai,258,23,136,5,0,2026-01-19T12:56:13.558520
INS003,Bangalore,125,2,241,7,0,2026-01-19T12:56:13.558520
AZI005,Hyderabad,223,20,74,14,1,2026-01-19T12:56:13.558520
INS003,Chennai,130,14,182,14,1,2026-01-19T12:56:13.558520
PCM001,Hyderabad,24,13,199,5,1,2026-01-19T12:56:13.558520
INS003,Mumbai,125,10,333,10,0,2026-01-19T12:56:13.558520
INS003,Delhi,23,22,204,7,1,2026-01-19T12:56:13.558520
VITC004,Bangalore,298,2,323,12,0,2026-01-19T12:56:13.558520
AZI005,Bangalore,134,25,288,7,1,2026-01-19T12:56:13.558520
AMOX002,Delhi,90,12,248,9,1,2026-01-19T12:56:13.558520
AZI005,Bangalore,139,13,160,3,0,2026-01-19T12:56:13.558520
VITC004,Delhi,10,20,80,10,1,2026-01-19T12:56:13.558520
AMOX002,Chennai,220,7,253,4,0,2026-01-19T12:56:13.558520
AZI005,Hyderabad,293,18,128,3,0,2026-01-19T12:56:13.558520
AZI005,Chennai,268,20,62,3,0,2026-01-19T12:56:13.558520
AZI005,Bangalore,199,21,201,3,0,2026-01-19T12:56:13.558520
INS003,Hyderabad,68,25,76,14,1,2026-01-19T12:56:13.558520
AMOX002,Chennai,92,16,17,11,1,2026-01-19T12:56:13.558520
AMOX002,Delhi,96,8,72,4,0,2026-01-19T12:56:13.558520
INS003,Mumbai,131,20,146,7,1,2026-01-19T12:56:13.558520
VITC004,Delhi,168,14,352,9,0,2026-01-19T12:56:13.558520
PCM001,Mumbai,109,15,246,4,0,2026-01-19T12:56:13.558520
AMOX002,Mumbai,210,13,198,2,0,2026-01-19T12:56:13.558520
PCM001,Bangalore,120,17,203,10,1,2026-01-19T12:56:13.558520
INS003,Chennai,240,16,141,2,0,2026-01-19T12:56:13.558520
PCM001,Bangalore,271,15,159,7,0,2026-01-19T12:56:13.558520
INS003,Chennai,55,17,198,14,1,2026-01-19T12:56:13.558520
VITC004,Bangalore,263,10,176,4,0,2026-01-19T12:56:13.558520
AMOX002,Hyderabad,113,2,42,9,0,2026-01-19T12:56:13.558520
AZI005,Delhi,34,10,109,5,1,2026-01-19T12:56:13.558520
VITC004,Delhi,142,11,339,8,0,2026-01-19T12:56:13.558520
VITC004,Mumbai,109,11,93,5,0,2026-01-19T12:56:13.558520
AZI005,Hyderabad,85,16,251,14,1,2026-01-19T12:56:13.558520
PCM001,Bangalore,12,18,206,8,1,2026-01-19T12:56:13.558520
AMOX002,Mumbai,237,16,122,9,0,2026-01-19T12:56:13.558520
VITC004,Chennai,263,4,20,9,0,2026-01-19T12:56:13.558520
INS003,Bangalore,65,8,124,8,0,2026-01-19T12:56:13.558520
AMOX002,Chennai,300,5,261,11,0,2026-01-19T12:56:13.558520
AZI005,Chennai,133,5,140,14,0,2026-01-19T12:56:13.558520
AMOX002,Bangalore,269,1,343,9,0,2026-01-19T12:56:13.558520
VITC004,Bangalore,118,20,275,10,1,2026-01-19T12:56:13.558520
VITC004,Hyderabad,295,20,361,7,0,2026-01-19T12:56:13.558520
AMOX002,Chennai,138,1,157,10,0,2026-01-19T12:56:13.558520
VITC004,Chennai,102,2,313,5,0,2026-01-19T12:56:13.558520
PCM001,Bangalore,271,17,263,3,0,2026-01-19T12:56:13.558520
AZI005,Bangalore,218,7,13,10,0,2026-01-19T12:56:13.558520
VITC004,Bangalore,177,19,271,3,0,2026-01-19T12:56:13.558520
VITC004,Mumbai,133,24,209,8,1,2026-01-19T12:56:13.558520
INS003,Bangalore,107,25,287,4,0,2026-01-19T12:56:13.558520
AMOX002,Chennai,218,12,65,10,0,2026-01-19T12:56:13.558520
AMOX002,Hyderabad,139,5,196,11,0,2026-01-19T12:56:13.558520
PCM001,Delhi,151,25,250,12,1,2026-01-19T12:56:13.558520
AMOX002,Hyderabad,240,23,72,7,0,2026-01-19T12:56:13.558520
PCM001,Delhi,210,5,334,9,0,2026-01-19T12:56:13.558520
AZI005,Hyderabad,17,8,281,4,1,2026-01-19T12:56:13.558520
VITC004,Chennai,197,2,113,2,0,2026-01-19T12:56:13.558520
VITC004,Bangalore,175,2,212,5,0,2026-01-19T12:56:13.558520
VITC004,Delhi,60,20,47,10,1,2026-01-19T12:56:13.558520
PCM001,Bangalore,269,12,142,11,0,2026-01-19T12:56:13.558520
AMOX002,Mumbai,153,17,96,12,1,2026-01-19T12:56:13.558520
INS003,Bangalore,138,6,137,6,0,2026-01-19T12:56:13.558520
INS003,Chennai,256,11,199,10,0,2026-01-19T12:56:13.558520
AZI005,Chennai,300,5,189,6,0,2026-01-19T12:56:13.558520
AMOX002,Delhi,82,22,309,7,1,2026-01-19T12:56:13.558520
PCM001,Mumbai,173,22,94,7,0,2026-01-19T12:56:13.558520
VITC004,Mumbai,13,7,65,12,1,2026-01-19T12:56:13.558520
AMOX002,Delhi,200,23,47,4,0,2026-01-19T12:56:13.558520
AMOX002,Bangalore,153,10,145,9,0,2026-01-19T12:56:13.558520
AMOX002,Chennai,261,19,181,10,0,2026-01-19T12:56:13.558520
VITC004,Bangalore,129,2,280,6,0,2026-01-19T12:56:13.558520
PCM001,Delhi,258,7,160,9,0,2026-01-19T12:56:13.558520
PCM001,Hyderabad,39,23,100,8,1,2026-01-19T12:56:13.558520
AMOX002,Hyderabad,67,4,72,8,0,2026-01-19T12:56:13.558520
INS003,Bangalore,147,21,113,12,1,2026-01-19T12:56:13.558520
INS003,Chennai,84,5,30,13,0,2026-01-19T12:56:13.558520
AMOX002,Chennai,163,7,120,5,0,2026-01-19T12:56:13.558520
AZI005,Chennai,63,19,111,4,1,2026-01-19T12:56:13.558520
AZI005,Mumbai,36,11,116,5,1,2026-01-19T12:56:13.558520
VITC004,Bangalore,260,1,30,4,0,2026-01-19T12:56:13.558520
INS003,Bangalore,295,17,330,11,0,2026-01-19T12:56:13.558520
AZI005,Delhi,248,9,329,14,0,2026-01-19T12:56:13.558520
PCM001,Bangalore,46,5,189,3,0,2026-01-19T12:56:13.558520
AMOX002,Delhi,258,7,345,8,0,2026-01-19T12:56:13.558520
VITC004,Hyderabad,40,21,280,11,1,2026-01-19T12:56:13.558520
AMOX002,Hyderabad,52,19,128,6,1,2026-01-19T12:56:13.558520
VITC004,Hyderabad,58,9,356,7,1,2026-01-19T12:56:13.558520
PCM001,Delhi,73,7,365,9,0,2026-01-19T12:56:13.558520
AZI005,Hyderabad,259,21,119,10,0,2026-01-19T12:56:13.558520
AZI005,Chennai,228,2,194,3,0,2026-01-19T12:56:13.558520
VITC004,Hyderabad,44,4,126,12,1,2026-01-19T12:56:13.558520
AMOX002,Mumbai,78,8,248,2,0,2026-01-19T12:56:13.558520
AZI005,Delhi,168,24,173,11,1,2026-01-19T12:56:13.558520
INS003,Delhi,97,15,19,11,1,2026-01-19T12:56:13.558520
AMOX002,Bangalore,148,21,112,8,1,2026-01-19T12:56:13.558520
INS003,Hyderabad,106,10,249,5,0,2026-01-19T12:56:13.558520
PCM001,Delhi,91,10,271,12,1,2026-01-19T12:56:13.558520
VITC004,Chennai,205,12,318,14,0,2026-01-19T12:56:13.558520
INS003,Mumbai,153,20,102,14,1,2026-01-19T12:56:13.558520
AZI005,Delhi,276,17,66,5,0,2026-01-19T12:56:13.558520
VITC004,Hyderabad,262,3,354,10,0,2026-01-19T12:56:13.558520
AZI005,Mumbai,53,15,317,11,1,2026-01-19T12:56:13.558520
PCM001,Bangalore,262,5,158,13,0,2026-01-19T12:56:13.558520
AZI005,Bangalore,236,11,139,4,0,2026-01-19T12:56:13.558520
AZI005,Delhi,68,11,330,6,0,2026-01-19T12:56:13.558520
AMOX002,Hyderabad,235,22,301,2,0,2026-01-19T12:56:13.558520
VITC004,Chennai,110,5,273,10,0,2026-01-19T12:56:13.558520
AZI005,Bangalore,237,21,263,11,0,2026-01-19T12:56:13.558520
AZI005,Mumbai,40,6,357,10,1,2026-01-19T12:56:13.558520
VITC004,Bangalore,34,16,209,10,1,2026-01-19T12:56:13.558520
AZI005,Mumbai,186,7,113,9,0,2026-01-19T12:56:13.558520
VITC004,Delhi,126,21,277,14,1,2026-01-19T12:56:13.558520
VITC004,Hyderabad,259,20,47,7,0,2026-01-19T12:56:13.558520
AMOX002,Mumbai,133,7,161,9,0,2026-01-19T12:56:13.558520
VITC004,Bangalore,198,24,272,4,0,2026-01-19T12:56:13.558520
VITC004,Chennai,266,25,239,3,0,2026-01-19T12:56:13.558520
INS003,Chennai,130,4,206,7,0,2026-01-19T12:56:13.558520
VITC004,Delhi,142,7,234,14,0,2026-01-19T12:56:13.558520
AZI005,Hyderabad,19,22,38,11,1,2026-01-19T12:56:13.558520
AMOX002,Hyderabad,261,11,122,3,0,2026-01-19T12:56:13.558520
AMOX002,Delhi,184,11,255,5,0,2026-01-19T12:56:13.558520
VITC004,Chennai,250,21,169,13,1,2026-01-19T12:56:13.558520
PCM001,Chennai,141,20,146,14,1,2026-01-19T12:56:13.558520
AMOX002,Delhi,173,24,80,8,1,2026-01-19T12:56:13.558520
AMOX002,Chennai,275,4,246,3,0,2026-01-19T12:56:13.558520
PCM001,Chennai,67,20,354,10,1,2026-01-19T12:56:13.558520
PCM001,Hyderabad,188,23,197,10,1,2026-01-19T12:56:13.558520
AZI005,Delhi,259,8,208,13,0,2026-01-19T12:56:13.558520
VITC004,Bangalore,193,15,332,7,0,2026-01-19T12:56:13.558520
AMOX002,Mumbai,211,10,154,2,0,2026-01-19T12:56:13.558520
AMOX002,Chennai,191,16,276,14,1,2026-01-19T12:56:13.558520
VITC004,Chennai,143,5,331,8,0,2026-01-19T12:56:13.558520
INS003,Mumbai,31,22,255,5,1,2026-01-19T12:56:13.558520
INS003,Chennai,208,4,349,5,0,2026-01-19T12:56:13.558520
AMOX002,Delhi,186,3,246,14,0,2026-01-19T12:56:13.558520
AMOX002,Mumbai,267,3,263,13,0,2026-01-19T12:56:13.558520
AMOX002,Bangalore,270,4,89,9,0,2026-01-19T12:56:13.558520
INS003,Hyderabad,255,14,101,8,0,2026-01-19T12:56:13.558520
INS003,Mumbai,167,15,268,6,0,2026-01-19T12:56:13.558520
AMOX002,Bangalore,122,20,150,10,1,2026-01-19T12:56:13.558520
VITC004,Chennai,295,16,196,9,0,2026-01-19T12:56:13.558520
AZI005,Delhi,211,7,99,9,0,2026-01-19T12:56:13.558520
AZI005,Chennai,166,15,152,6,0,2026-01-19T12:56:13.558520
VITC004,Mumbai,209,22,93,11,1,2026-01-19T12:56:13.558520
VITC004,Bangalore,129,8,321,8,0,2026-01-19T12:56:13.558520
AMOX002,Hyderabad,174,19,320,3,0,2026-01-19T12:56:13.558520
AMOX002,Bangalore,287,4,137,11,0,2026-01-19T12:56:13.558520
VITC004,Hyderabad,272,16,96,6,0,2026-01-19T12:56:13.558520
PCM001,Chennai,262,20,45,3,0,2026-01-19T12:56:13.558520
INS003,Mumbai,107,6,207,10,0,2026-01-19T12:56:13.558520
PCM001,Bangalore,140,19,178,4,0,2026-01-19T12:56:13.558520
PCM001,Hyderabad,132,20,13,6,0,2026-01-19T12:56:13.558520
PCM001,Bangalore,300,15,55,10,0,2026-01-19T12:56:13.558520
AMOX002,Bangalore,280,6,210,4,0,2026-01-19T12:56:13.558520
AZI005,Mumbai,152,11,190,9,0,2026-01-19T12:56:13.558520
AZI005,Hyderabad,233,6,102,3,0,2026-01-19T12:56:13.558520
AMOX002,Mumbai,86,22,95,6,1,2026-01-19T12:56:13.558520
AMOX002,Delhi,173,21,103,10,1,2026-01-19T12:56:13.558520
AZI005,Bangalore,176,12,248,12,0,2026-01-19T12:56:13.558520
AZI005,Chennai,122,21,313,9,1,2026-01-19T12:56:13.558520
PCM001,Delhi,108,5,138,9,0,2026-01-19T12:56:13.558520
PCM001,Hyderabad,263,2,221,12,0,2026-01-19T12:56:13.558520
INS003,Mumbai,187,10,358,9,0,2026-01-19T12:56:13.558520
PCM001,Delhi,20,22,215,6,1,2026-01-19T12:56:13.558520
AMOX002,Mumbai,235,6,191,3,0,2026-01-19T12:56:13.558520
INS003,Mumbai,150,23,283,12,1,2026-01-19T12:56:13.558520
INS003,Mumbai,297,24,199,13,1,2026-01-19T12:56:13.558520
AZI005,Hyderabad,138,25,75,9,1,2026-01-19T12:56:13.558520
AMOX002,Delhi,31,7,36,6,1,2026-01-19T12:56:13.558520
AMOX002,Chennai,258,9,89,3,0,2026-01-19T12:56:13.558520
INS003,Mumbai,28,14,160,13,1,2026-01-19T12:56:13.558520
AZI005,Hyderabad,289,20,304,13,0,2026-01-19T12:56:13.558520
AZI005,Mumbai,197,16,151,11,0,2026-01-19T12:56:13.558520
PCM001,Bangalore,85,23,336,3,0,2026-01-19T12:56:13.558520
INS003,Hyderabad,244,13,18,7,0,2026-01-19T12:56:13.558520
AZI005,Hyderabad,155,6,261,4,0,2026-01-19T12:56:13.558520
VITC004,Bangalore,110,11,30,3,0,2026-01-19T12:56:13.558520
VITC004,Mumbai,40,22,339,14,1,2026-01-19T12:56:13.558520
VITC004,Mumbai,158,6,203,10,0,2026-01-19T12:56:13.558520
PCM001,Hyderabad,287,12,221,5,0,2026-01-19T12:56:13.558520
INS003,Delhi,189,5,227,3,0,2026-01-19T12:56:13.558520
VITC004,Bangalore,191,16,172,11,0,2026-01-19T12:56:13.558520
AMOX002,Bangalore,176,11,276,5,0,2026-01-19T12:56:13.558520
VITC004,Bangalore,257,1,268,14,0,2026-01-19T12:56:13.558520
VITC004,Chennai,20,8,218,14,1,2026-01-19T12:56:13.558520
AMOX002,Chennai,188,25,232,2,0,2026-01-19T12:56:13.558520
AMOX002,Mumbai,190,13,121,4,0,2026-01-19T12:56:13.558520
VITC004,Hyderabad,135,1,24,11,0,2026-01-19T12:56:13.558520
VITC004,Delhi,20,9,327,6,1,2026-01-19T12:56:13.558520
VITC004,Bangalore,274,21,359,3,0,2026-01-19T12:56:13.558520
INS003,Mumbai,150,15,140,10,0,2026-01-19T12:56:13.558520
PCM001,Hyderabad,285,12,320,5,0,2026-01-19T12:56:13.558520
PCM001,Delhi,28,10,132,4,1,2026-01-19T12:56:13.558520
AZI005,Mumbai,97,20,60,12,1,2026-01-19T12:56:13.558520
VITC004,Delhi,77,22,220,10,1,2026-01-19T12:56:13.558520
INS003,Delhi,268,18,169,4,0,2026-01-19T12:56:13.558520
VITC004,Hyderabad,283,17,87,10,0,2026-01-19T12:56:13.558520
AZI005,Bangalore,111,18,104,3,0,2026-01-19T12:56:13.558520
INS003,Chennai,132,13,272,7,0,2026-01-19T12:56:13.558520
AZI005,Hyderabad,210,13,274,11,0,2026-01-19T12:56:13.558520
AZI005,Bangalore,28,6,78,10,1,2026-01-19T12:56:13.558520
INS003,Bangalore,178,9,221,9,0,2026-01-19T12:56:13.558520
PCM001,Mumbai,43,11,104,10,1,2026-01-19T12:56:13.558520
PCM001,Hyderabad,256,13,49,10,0,2026-01-19T12:56:13.558520
AMOX002,Chennai,269,11,52,3,0,2026-01-19T12:56:13.558520
VITC004,Hyderabad,235,14,214,3,0,2026-01-19T12:56:13.558520
PCM001,Hyderabad,160,13,179,12,0,2026-01-19T12:56:13.558520
PCM001,Bangalore,180,11,52,10,0,2026-01-19T12:56:13.558520
PCM001,Mumbai,293,17,341,12,0,2026-01-19T12:56:13.558520
PCM001,Hyderabad,41,12,105,10,1,2026-01-19T12:56:13.558520
AZI005,Hyderabad,293,8,195,3,0,2026-01-19T12:56:13.558520
AZI005,Chennai,153,23,313,10,1,2026-01-19T12:56:13.558520
VITC004,Delhi,105,21,243,4,0,2026-01-19T12:56:13.558520
AMOX002,Chennai,40,4,85,6,0,2026-01-19T12:56:13.558520
VITC004,Delhi,213,1,113,14,0,2026-01-19T12:56:13.558520
AMOX002,Chennai,47,9,356,14,1,2026-01-19T12:56:13.558520
AMOX002,Chennai,123,25,170,12,1,2026-01-19T12:56:13.558520
AZI005,Chennai,38,5,103,14,1,2026-01-19T12:56:13.558520
AZI005,Bangalore,79,5,101,2,0,2026-01-19T12:56:13.558520
VITC004,Mumbai,68,18,154,3,0,2026-01-19T12:56:13.558520
PCM001,Bangalore,181,3,310,14,0,2026-01-19T12:56:13.558520
PCM001,Delhi,25,2,128,7,0,2026-01-19T12:56:13.558520
PCM001,Mumbai,165,22,307,8,1,2026-01-19T12:56:13.558520
INS003,Bangalore,189,25,201,9,1,2026-01-19T12:56:13.558520
AMOX002,Chennai,78,23,223,6,1,2026-01-19T12:56:13.558520
INS003,Bangalore,164,10,131,2,0,2026-01-19T12:56:13.558520
AZI005,Hyderabad,189,24,132,12,1,2026-01-19T12:56:13.558520
AZI005,Delhi,217,13,94,3,0,2026-01-19T12:56:13.558520
PCM001,Mumbai,153,20,311,12,1,2026-01-19T12:56:13.558520
PCM001,Bangalore,53,21,129,13,1,2026-01-19T12:56:13.558520
INS003,Chennai,78,12,58,7,1,2026-01-19T12:56:13.558520
PCM001,Hyderabad,66,17,251,14,1,2026-01-19T12:56:13.558520
INS003,Chennai,120,23,173,13,1,2026-01-19T12:56:13.558520
AMOX002,Mumbai,56,10,100,10,1,2026-01-19T12:56:13.558520
VITC004,Delhi,113,4,195,13,0,2026-01-19T12:56:13.558520
AMOX002,Chennai,204,8,361,11,0,2026-01-19T12:56:13.558520
AMOX002,Mumbai,122,13,360,7,0,2026-01-19T12:56:13.558520
INS003,Mumbai,283,19,118,14,0,2026-01-19T12:56:13.558520
INS003,Delhi,23,18,186,11,1,2026-01-19T12:56:13.558520
VITC004,Hyderabad,166,16,253,4,0,2026-01-19T12:56:13.558520
VITC004,Delhi,183,15,131,10,0,2026-01-19T12:56:13.558520
AMOX002,Hyderabad,191,11,182,14,0,2026-01-19T12:56:13.558520
INS003,Chennai,165,21,347,4,0,2026-01-19T12:56:13.558520
AMOX002,Mumbai,54,8,278,14,1,2026-01-19T12:56:13.558520
VITC004,Hyderabad,103,20,278,3,0,2026-01-19T12:56:13.558520
VITC004,Mumbai,256,23,334,14,1,2026-01-19T12:56:13.558520
AZI005,Delhi,205,2,200,14,0,2026-01-19T12:56:13.558520
AZI005,Mumbai,161,2,287,5,0,2026-01-19T12:56:13.558520
PCM001,Delhi,95,9,202,10,0,2026-01-19T12:56:13.558520
AMOX002,Delhi,199,13,280,11,0,2026-01-19T12:56:13.558520
AZI005,Bangalore,23,4,296,10,1,2026-01-19T12:56:13.558520
PCM001,Mumbai,211,15,21,9,0,2026-01-19T12:56:13.558520
AZI005,Chennai,233,20,338,14,1,2026-01-19T12:56:13.558520
VITC004,Bangalore,211,7,250,8,0,2026-01-19T12:56:13.558520
AMOX002,Hyderabad,242,18,90,3,0,2026-01-19T12:56:13.558520
INS003,Bangalore,31,2,271,4,0,2026-01-19T12:56:13.558520
VITC004,Delhi,68,10,347,7,1,2026-01-19T12:56:13.558520
INS003,Hyderabad,198,5,285,13,0,2026-01-19T12:56:13.558520
VITC004,Chennai,25,13,350,6,1,2026-01-19T12:56:13.558520
INS003,Bangalore,135,10,165,14,1,2026-01-19T12:56:13.558520
PCM001,Chennai,172,19,297,12,1,2026-01-19T12:56:13.558520
AMOX002,Chennai,112,23,196,6,1,2026-01-19T12:56:13.558520
AMOX002,Chennai,77,14,224,11,1,2026-01-19T12:56:13.558520
INS003,Bangalore,128,17,24,2,0,2026-01-19T12:56:13.558520
AZI005,Bangalore,228,4,61,14,0,2026-01-19T12:56:13.559521
AZI005,Mumbai,15,25,96,12,1,2026-01-19T12:56:13.559521
INS003,Bangalore,255,5,78,2,0,2026-01-19T12:56:13.559521
VITC004,Hyderabad,46,5,290,6,0,2026-01-19T12:56:13.559521
AMOX002,Mumbai,268,18,83,10,0,2026-01-19T12:56:13.559521
VITC004,Chennai,283,19,149,13,0,2026-01-19T12:56:13.559521
VITC004,Delhi,252,4,99,3,0,2026-01-19T12:56:13.559521
AZI005,Hyderabad,227,12,50,14,0,2026-01-19T12:56:13.559521
AMOX002,Chennai,196,20,220,11,1,2026-01-19T12:56:13.559521
INS003,Chennai,137,13,79,6,0,2026-01-19T12:56:13.559521
AMOX002,Chennai,85,10,150,13,1,2026-01-19T12:56:13.559521
PCM001,Mumbai,56,2,166,9,0,2026-01-19T12:56:13.559521
VITC004,Delhi,94,8,61,3,0,2026-01-19T12:56:13.559521
AZI005,Delhi,190,7,210,6,0,2026-01-19T12:56:13.559521
AZI005,Mumbai,292,10,69,3,0,2026-01-19T12:56:13.559521
PCM001,Hyderabad,18,13,337,3,1,2026-01-19T12:56:13.559521
AMOX002,Chennai,49,16,196,11,1,2026-01-19T12:56:13.559521
AZI005,Hyderabad,214,1,76,9,0,2026-01-19T12:56:13.559521
AZI005,Chennai,61,22,243,14,1,2026-01-19T12:56:13.559521
PCM001,Mumbai,40,7,220,8,1,2026-01-19T12:56:13.559521
AMOX002,Delhi,184,21,132,7,0,2026-01-19T12:56:13.559521
INS003,Delhi,60,24,282,4,1,2026-01-19T12:56:13.559521
PCM001,Bangalore,129,7,294,3,0,2026-01-19T12:56:13.559521
AMOX002,Bangalore,103,18,112,11,1,2026-01-19T12:56:13.559521
VITC004,Delhi,212,4,174,9,0,2026-01-19T12:56:13.559521
PCM001,Bangalore,80,19,307,7,1,2026-01-19T12:56:13.559521
AMOX002,Delhi,114,4,31,5,0,2026-01-19T12:56:13.559521
VITC004,Hyderabad,219,13,304,9,0,2026-01-19T12:56:13.559521
AMOX002,Chennai,64,6,252,4,0,2026-01-19T12:56:13.559521
AMOX002,Hyderabad,138,22,166,7,1,2026-01-19T12:56:13.559521
VITC004,Bangalore,70,22,247,9,1,2026-01-19T12:56:13.559521
PCM001,Mumbai,261,7,108,11,0,2026-01-19T12:56:13.559521
AZI005,Chennai,233,24,220,5,0,2026-01-19T12:56:13.559521
VITC004,Mumbai,255,18,311,8,0,2026-01-19T12:56:13.559521
INS003,Chennai,246,10,328,12,0,2026-01-19T12:56:13.559521
AMOX002,Hyderabad,15,8,43,9,1,2026-01-19T12:56:13.559521
INS003,Chennai,23,3,356,3,0,2026-01-19T12:56:13.559521
PCM001,Mumbai,270,19,281,11,0,2026-01-19T12:56:13.559521
AMOX002,Delhi,156,15,19,11,1,2026-01-19T12:56:13.559521
AMOX002,Mumbai,40,17,224,5,1,2026-01-19T12:56:13.559521
PCM001,Chennai,274,16,46,14,0,2026-01-19T12:56:13.559521
AMOX002,Hyderabad,196,13,64,13,0,2026-01-19T12:56:13.559521
PCM001,Delhi,222,8,283,10,0,2026-01-19T12:56:13.559521
VITC004,Bangalore,207,6,117,14,0,2026-01-19T12:56:13.559521
INS003,Chennai,253,16,50,5,0,2026-01-19T12:56:13.559521
AZI005,Hyderabad,60,13,363,14,1,2026-01-19T12:56:13.559521
AZI005,Bangalore,20,21,31,10,1,2026-01-19T12:56:13.559521
AZI005,Mumbai,25,22,227,12,1,2026-01-19T12:56:13.559521
AMOX002,Hyderabad,111,21,342,10,1,2026-01-19T12:56:13.559521
VITC004,Mumbai,125,2,325,12,0,2026-01-19T12:56:13.559521
VITC004,Bangalore,296,21,65,11,0,2026-01-19T12:56:13.559521
VITC004,Mumbai,87,4,232,5,0,2026-01-19T12:56:13.559521
INS003,Mumbai,275,19,279,11,0,2026-01-19T12:56:13.559521
VITC004,Hyderabad,53,11,210,11,1,2026-01-19T12:56:13.559521
INS003,Mumbai,182,14,153,12,0,2026-01-19T12:56:13.559521
AMOX002,Mumbai,231,9,125,12,0,2026-01-19T12:56:13.559521
AZI005,Bangalore,71,6,340,6,0,2026-01-19T12:56:13.559521
VITC004,Chennai,129,9,205,3,0,2026-01-19T12:56:13.559521
AMOX002,Mumbai,52,11,344,2,0,2026-01-19T12:56:13.559521
AMOX002,Mumbai,81,4,83,4,0,2026-01-19T12:56:13.559521
INS003,Bangalore,76,5,79,12,0,2026-01-19T12:56:13.559521
AZI005,Bangalore,293,15,126,2,0,2026-01-19T12:56:13.559521
PCM001,Chennai,275,17,144,14,0,2026-01-19T12:56:13.559521
PCM001,Mumbai,141,25,72,3,0,2026-01-19T12:56:13.559521
AMOX002,Mumbai,88,12,149,3,0,2026-01-19T12:56:13.559521
PCM001,Chennai,84,12,167,14,1,2026-01-19T12:56:13.559521
INS003,Delhi,143,6,97,9,0,2026-01-19T12:56:13.559521
VITC004,Bangalore,58,24,296,4,1,2026-01-19T12:56:13.559521
INS003,Bangalore,93,21,363,12,1,2026-01-19T12:56:13.559521
AMOX002,Mumbai,58,18,217,2,0,2026-01-19T12:56:13.559521
AZI005,Bangalore,184,3,120,13,0,2026-01-19T12:56:13.559521
PCM001,Mumbai,276,20,210,7,0,2026-01-19T12:56:13.559521
PCM001,Bangalore,193,8,148,14,0,2026-01-19T12:56:13.559521
PCM001,Bangalore,196,5,294,8,0,2026-01-19T12:56:13.559521
AMOX002,Delhi,56,19,14,5,1,2026-01-19T12:56:13.559521
AMOX002,Mumbai,133,15,13,9,1,2026-01-19T12:56:13.559521
AZI005,Delhi,299,8,330,6,0,2026-01-19T12:56:13.559521
INS003,Bangalore,109,25,150,6,1,2026-01-19T12:56:13.559521
INS003,Hyderabad,163,2,186,9,0,2026-01-19T12:56:13.559521
VITC004,Mumbai,42,19,273,2,0,2026-01-19T12:56:13.559521
PCM001,Chennai,265,23,165,10,0,2026-01-19T12:56:13.559521
INS003,Hyderabad,33,6,341,13,1,2026-01-19T12:56:13.559521
PCM001,Chennai,170,14,131,13,1,2026-01-19T12:56:13.559521
VITC004,Mumbai,296,17,28,11,0,2026-01-19T12:56:13.559521
AZI005,Delhi,268,1,12,12,0,2026-01-19T12:56:13.559521
PCM001,Bangalore,132,16,333,12,1,2026-01-19T12:56:13.559521
INS003,Hyderabad,245,16,20,5,0,2026-01-19T12:56:13.559521
AMOX002,Mumbai,100,20,100,6,1,2026-01-19T12:56:13.559521
AMOX002,Mumbai,261,9,76,11,0,2026-01-19T12:56:13.559521
AZI005,Mumbai,190,23,322,3,0,2026-01-19T12:56:13.559521
VITC004,Chennai,74,11,353,11,1,2026-01-19T12:56:13.559521
PCM001,Hyderabad,209,15,35,9,0,2026-01-19T12:56:13.559521
INS003,Mumbai,110,15,254,12,1,2026-01-19T12:56:13.559521
INS003,Hyderabad,111,19,248,10,1,2026-01-19T12:56:13.559521
PCM001,Chennai,228,24,56,5,0,2026-01-19T12:56:13.559521
VITC004,Hyderabad,290,14,87,7,0,2026-01-19T12:56:13.559521
AZI005,Hyderabad,63,15,297,14,1,2026-01-19T12:56:13.559521
AMOX002,Mumbai,28,18,102,6,1,2026-01-19T12:56:13.559521
VITC004,Chennai,248,20,267,2,0,2026-01-19T12:56:13.559521
INS003,Mumbai,277,4,198,7,0,2026-01-19T12:56:13.559521
AMOX002,Bangalore,229,24,82,6,0,2026-01-19T12:56:13.559521
PCM001,Mumbai,176,23,91,7,0,2026-01-19T12:56:13.559521
INS003,Bangalore,65,3,45,13,0,2026-01-19T12:56:13.559521
VITC004,Bangalore,221,10,266,12,0,2026-01-19T12:56:13.559521
INS003,Hyderabad,91,3,258,8,0,2026-01-19T12:56:13.559521
PCM001,Hyderabad,138,6,245,10,0,2026-01-19T12:56:13.559521
AMOX002,Chennai,15,21,315,6,1,2026-01-19T12:56:13.559521
INS003,Bangalore,132,21,296,2,0,2026-01-19T12:56:13.559521
INS003,Chennai,200,23,251,13,1,2026-01-19T12:56:13.559521
VITC004,Delhi,137,24,290,11,1,2026-01-19T12:56:13.559521
PCM001,Chennai,247,6,234,12,0,2026-01-19T12:56:13.559521
INS003,Bangalore,160,11,302,2,0,2026-01-19T12:56:13.559521
INS003,Chennai,202,1,130,8,0,2026-01-19T12:56:13.559521
AZI005,Chennai,108,2,169,9,0,2026-01-19T12:56:13.559521
AMOX002,Delhi,299,9,331,5,0,2026-01-19T12:56:13.559521
AZI005,Mumbai,99,23,206,9,1,2026-01-19T12:56:13.559521
AMOX002,Chennai,118,14,239,2,0,2026-01-19T12:56:13.559521
VITC004,Bangalore,267,25,45,3,0,2026-01-19T12:56:13.559521
VITC004,Delhi,64,4,71,9,0,2026-01-19T12:56:13.559521
AZI005,Bangalore,269,13,359,14,0,2026-01-19T12:56:13.559521
PCM001,Bangalore,177,13,224,2,0,2026-01-19T12:56:13.559521
INS003,Delhi,244,10,188,9,0,2026-01-19T12:56:13.559521
AZI005,Bangalore,170,6,322,2,0,2026-01-19T12:56:13.559521
AZI005,Delhi,116,14,339,9,1,2026-01-19T12:56:13.559521
VITC004,Mumbai,54,5,326,9,0,2026-01-19T12:56:13.559521
VITC004,Mumbai,11,11,342,10,1,2026-01-19T12:56:13.559521
AMOX002,Hyderabad,197,6,206,7,0,2026-01-19T12:56:13.559521
PCM001,Delhi,65,12,268,14,1,2026-01-19T12:56:13.559521
INS003,Chennai,92,10,102,5,0,2026-01-19T12:56:13.559521
PCM001,Hyderabad,81,13,271,9,1,2026-01-19T12:56:13.559521
PCM001,Chennai,100,13,339,2,0,2026-01-19T12:56:13.559521
PCM001,Chennai,53,20,71,12,1,2026-01-19T12:56:13.559521
INS003,Chennai,158,1,333,4,0,2026-01-19T12:56:13.559521
INS003,Hyderabad,283,16,153,5,0,2026-01-19T12:56:13.559521
VITC004,Mumbai,185,6,321,8,0,2026-01-19T12:56:13.559521
VITC004,Mumbai,101,5,272,6,0,2026-01-19T12:56:13.559521
AMOX002,Bangalore,252,5,217,11,0,2026-01-19T12:56:13.559521
PCM001,Bangalore,71,13,132,4,0,2026-01-19T12:56:13.559521
INS003,Delhi,127,20,362,5,0,2026-01-19T12:56:13.559521
AMOX002,Delhi,62,10,243,5,0,2026-01-19T12:56:13.559521
AMOX002,Hyderabad,137,2,31,6,0,2026-01-19T12:56:13.559521
AZI005,Chennai,123,20,298,12,1,2026-01-19T12:56:13.559521
AMOX002,Bangalore,194,1,61,14,0,2026-01-19T12:56:13.559521
AMOX002,Delhi,203,9,170,4,0,2026-01-19T12:56:13.559521
AMOX002,Delhi,226,18,238,14,1,2026-01-19T12:56:13.559521
VITC004,Bangalore,204,3,194,5,0,2026-01-19T12:56:13.559521
INS003,Mumbai,59,21,104,9,1,2026-01-19T12:56:13.559521
INS003,Hyderabad,108,17,328,11,1,2026-01-19T12:56:13.559521
INS003,Delhi,117,17,270,12,1,2026-01-19T12:56:13.559521
VITC004,Chennai,300,21,79,4,0,2026-01-19T12:56:13.559521
VITC004,Delhi,18,18,36,2,1,2026-01-19T12:56:13.559521
VITC004,Mumbai,58,19,226,7,1,2026-01-19T12:56:13.559521
PCM001,Delhi,273,9,196,10,0,2026-01-19T12:56:13.559521
INS003,Hyderabad,288,17,282,8,0,2026-01-19T12:56:13.559521
PCM001,Mumbai,111,22,101,7,1,2026-01-19T12:56:13.559521
AMOX002,Delhi,13,12,230,8,1,2026-01-19T12:56:13.559521
AMOX002,Chennai,216,6,168,2,0,2026-01-19T12:56:13.559521
INS003,Mumbai,215,1,355,2,0,2026-01-19T12:56:13.559521
VITC004,Bangalore,219,15,70,14,0,2026-01-19T12:56:13.559521
AMOX002,Mumbai,155,20,300,7,0,2026-01-19T12:56:13.559521
AMOX002,Hyderabad,273,15,119,12,0,2026-01-19T12:56:13.559521
INS003,Bangalore,24,1,93,6,0,2026-01-19T12:56:13.559521
AZI005,Bangalore,203,3,364,5,0,2026-01-19T12:56:13.559521
INS003,Bangalore,257,23,178,14,1,2026-01-19T12:56:13.559521
INS003,Hyderabad,225,8,277,2,0,2026-01-19T12:56:13.559521
AMOX002,Delhi,88,7,18,8,0,2026-01-19T12:56:13.559521
VITC004,Mumbai,169,16,322,12,1,2026-01-19T12:56:13.559521
VITC004,Hyderabad,289,9,18,8,0,2026-01-19T12:56:13.559521
AZI005,Mumbai,295,25,21,10,0,2026-01-19T12:56:13.559521
PCM001,Delhi,288,3,189,14,0,2026-01-19T12:56:13.559521
VITC004,Mumbai,153,11,135,2,0,2026-01-19T12:56:13.559521
AMOX002,Hyderabad,255,23,280,9,0,2026-01-19T12:56:13.559521
VITC004,Mumbai,216,16,231,7,0,2026-01-19T12:56:13.559521
PCM001,Hyderabad,269,22,218,9,0,2026-01-19T12:56:13.559521
AZI005,Hyderabad,139,6,120,10,0,2026-01-19T12:56:13.559521
PCM001,Chennai,98,3,288,7,0,2026-01-19T12:56:13.559521
AZI005,Mumbai,88,7,302,14,1,2026-01-19T12:56:13.559521
VITC004,Bangalore,89,4,244,9,0,2026-01-19T12:56:13.559521
AMOX002,Chennai,32,22,316,10,1,2026-01-19T12:56:13.559521
VITC004,Bangalore,43,9,110,4,0,2026-01-19T12:56:13.559521
AZI005,Bangalore,116,20,50,9,1,2026-01-19T12:56:13.559521
AZI005,Delhi,261,20,242,11,0,2026-01-19T12:56:13.559521
AMOX002,Delhi,288,17,338,2,0,2026-01-19T12:56:13.559521
INS003,Hyderabad,172,18,11,5,0,2026-01-19T12:56:13.559521
AZI005,Mumbai,275,4,31,3,0,2026-01-19T12:56:13.559521
AMOX002,Bangalore,55,21,294,11,1,2026-01-19T12:56:13.559521
PCM001,Delhi,170,6,70,10,0,2026-01-19T12:56:13.559521
AZI005,Mumbai,83,5,183,13,0,2026-01-19T12:56:13.559521
AZI005,Mumbai,179,7,309,14,0,2026-01-19T12:56:13.559521
PCM001,Chennai,264,1,341,3,0,2026-01-19T12:56:13.559521
AMOX002,Bangalore,190,7,340,2,0,2026-01-19T12:56:13.559521
AMOX002,Chennai,269,22,258,6,0,2026-01-19T12:56:13.559521
PCM001,Mumbai,209,8,282,10,0,2026-01-19T12:56:13.559521
AMOX002,Delhi,239,3,147,9,0,2026-01-19T12:56:13.559521
INS003,Bangalore,130,14,144,7,0,2026-01-19T12:56:13.559521
PCM001,Chennai,193,21,365,2,0,2026-01-19T12:56:13.559521
PCM001,Delhi,74,25,91,7,1,2026-01-19T12:56:13.559521
AMOX002,Chennai,42,15,84,5,1,2026-01-19T12:56:13.559521
VITC004,Hyderabad,115,2,227,14,0,2026-01-19T12:56:13.559521
PCM001,Chennai,260,6,198,7,0,2026-01-19T12:56:13.559521
INS003,Mumbai,236,5,349,12,0,2026-01-19T12:56:13.559521
VITC004,Bangalore,140,24,287,2,0,2026-01-19T12:56:13.559521
AMOX002,Bangalore,93,25,253,11,1,2026-01-19T12:56:13.559521
AZI005,Delhi,104,4,169,10,0,2026-01-19T12:56:13.559521
VITC004,Chennai,150,14,309,13,1,2026-01-19T12:56:13.559521
INS003,Delhi,249,1,252,13,0,2026-01-19T12:56:13.559521
INS003,Hyderabad,280,3,342,3,0,2026-01-19T12:56:13.559521
VITC004,Hyderabad,296,9,303,9,0,2026-01-19T12:56:13.559521
INS003,Mumbai,63,11,221,13,1,2026-01-19T12:56:13.559521
PCM001,Mumbai,280,19,328,5,0,2026-01-19T12:56:13.559521
INS003,Chennai,119,4,343,5,0,2026-01-19T12:56:13.559521
AZI005,Hyderabad,186,14,207,7,0,2026-01-19T12:56:13.559521
PCM001,Chennai,41,7,91,14,1,2026-01-19T12:56:13.559521
INS003,Chennai,223,21,38,2,0,2026-01-19T12:56:13.559521
AMOX002,Mumbai,243,21,77,9,0,2026-01-19T12:56:13.559521
VITC004,Bangalore,247,2,273,11,0,2026-01-19T12:56:13.559521
PCM001,Bangalore,93,19,136,2,0,2026-01-19T12:56:13.559521
PCM001,Hyderabad,74,4,339,11,0,2026-01-19T12:56:13.559521
AZI005,Mumbai,252,4,141,8,0,2026-01-19T12:56:13.559521
INS003,Chennai,26,7,350,4,1,2026-01-19T12:56:13.559521
AMOX002,Hyderabad,252,4,180,10,0,2026-01-19T12:56:13.559521
AMOX002,Bangalore,180,25,142,5,0,2026-01-19T12:56:13.559521
AMOX002,Mumbai,167,18,219,11,1,2026-01-19T12:56:13.559521
PCM001,Bangalore,134,15,138,6,0,2026-01-19T12:56:13.559521
VITC004,Hyderabad,289,2,206,8,0,2026-01-19T12:56:13.559521
AMOX002,Chennai,58,16,349,8,1,2026-01-19T12:56:13.559521
AZI005,Chennai,34,19,193,2,1,2026-01-19T12:56:13.559521
AZI005,Chennai,97,2,256,10,0,2026-01-19T12:56:13.559521
PCM001,Hyderabad,23,6,284,10,1,2026-01-19T12:56:13.559521
INS003,Hyderabad,224,15,359,4,0,2026-01-19T12:56:13.559521
AMOX002,Chennai,192,14,102,9,0,2026-01-19T12:56:13.559521
PCM001,Hyderabad,294,7,100,2,0,2026-01-19T12:56:13.559521
AMOX002,Mumbai,247,21,365,13,1,2026-01-19T12:56:13.559521
VITC004,Mumbai,92,22,41,14,1,2026-01-19T12:56:13.559521
PCM001,Mumbai,99,6,153,8,0,2026-01-19T12:56:13.559521
INS003,Chennai,179,21,49,3,0,2026-01-19T12:56:13.559521
INS003,Hyderabad,146,22,185,9,1,2026-01-19T12:56:13.559521
AMOX002,Mumbai,31,25,58,2,1,2026-01-19T12:56:13.559521
VITC004,Bangalore,219,25,14,4,0,2026-01-19T12:56:13.559521
INS003,Chennai,293,18,343,7,0,2026-01-19T12:56:13.559521
VITC004,Bangalore,108,20,344,10,1,2026-01-19T12:56:13.559521
AZI005,Mumbai,290,6,317,11,0,2026-01-19T12:56:13.559521
AZI005,Mumbai,121,21,135,8,1,2026-01-19T12:56:13.559521
AZI005,Mumbai,61,23,275,5,1,2026-01-19T12:56:13.559521
INS003,Chennai,88,1,337,5,0,2026-01-19T12:56:13.559521
PCM001,Bangalore,35,22,325,11,1,2026-01-19T12:56:13.559521
AZI005,Hyderabad,16,18,92,5,1,2026-01-19T12:56:13.559521
INS003,Delhi,263,16,215,4,0,2026-01-19T12:56:13.559521
VITC004,Hyderabad,122,14,190,8,0,2026-01-19T12:56:13.559521
PCM001,Chennai,18,5,104,3,0,2026-01-19T12:56:13.559521
AZI005,Chennai,150,18,185,7,0,2026-01-19T12:56:13.559521
PCM001,Mumbai,122,8,278,8,0,2026-01-19T12:56:13.559521
INS003,Hyderabad,212,5,204,7,0,2026-01-19T12:56:13.559521
AZI005,Chennai,57,13,28,5,1,2026-01-19T12:56:13.559521
INS003,Hyderabad,55,20,227,10,1,2026-01-19T12:56:13.559521
PCM001,Mumbai,284,25,234,14,1,2026-01-19T12:56:13.559521
AMOX002,Chennai,283,3,208,6,0,2026-01-19T12:56:13.559521
PCM001,Delhi,216,9,155,2,0,2026-01-19T12:56:13.559521
AMOX002,Chennai,137,16,221,10,1,2026-01-19T12:56:13.559521
AMOX002,Bangalore,230,8,76,5,0,2026-01-19T12:56:13.559521
AZI005,Hyderabad,47,10,32,10,1,2026-01-19T12:56:13.559521
AZI005,Delhi,74,9,151,13,1,2026-01-19T12:56:13.559521
INS003,Mumbai,150,10,302,10,0,2026-01-19T12:56:13.559521
AZI005,Delhi,269,22,52,11,0,2026-01-19T12:56:13.559521
AMOX002,Delhi,194,15,304,3,0,2026-01-19T12:56:13.559521
INS003,Chennai,165,23,356,8,1,2026-01-19T12:56:13.559521
PCM001,Chennai,208,13,272,2,0,2026-01-19T12:56:13.559521
AZI005,Chennai,133,17,293,8,1,2026-01-19T12:56:13.559521
PCM001,Chennai,55,2,131,13,0,2026-01-19T12:56:13.559521
PCM001,Hyderabad,205,4,111,13,0,2026-01-19T12:56:13.559521
INS003,Bangalore,127,2,186,4,0,2026-01-19T12:56:13.559521
INS003,Mumbai,76,23,135,10,1,2026-01-19T12:56:13.559521
AZI005,Hyderabad,107,10,193,11,1,2026-01-19T12:56:13.559521
INS003,Chennai,253,10,106,5,0,2026-01-19T12:56:13.559521
PCM001,Chennai,81,15,61,10,1,2026-01-19T12:56:13.559521
VITC004,Bangalore,34,3,110,13,1,2026-01-19T12:56:13.559521
AZI005,Mumbai,144,23,150,4,0,2026-01-19T12:56:13.559521
AMOX002,Chennai,130,20,224,10,1,2026-01-19T12:56:13.559521
VITC004,Hyderabad,123,7,53,4,0,2026-01-19T12:56:13.559521
INS003,Bangalore,189,5,177,6,0,2026-01-19T12:56:13.559521
AMOX002,Chennai,184,12,148,10,0,2026-01-19T12:56:13.559521
VITC004,Mumbai,42,7,326,2,0,2026-01-19T12:56:13.559521
PCM001,Chennai,144,17,259,8,0,2026-01-19T12:56:13.559521
INS003,Mumbai,126,6,26,9,0,2026-01-19T12:56:13.559521
AMOX002,Bangalore,47,20,362,8,1,2026-01-19T12:56:13.559521
PCM001,Bangalore,41,12,91,10,1,2026-01-19T12:56:13.559521
AZI005,Bangalore,106,17,57,3,0,2026-01-19T12:56:13.559521
INS003,Mumbai,45,15,61,3,0,2026-01-19T12:56:13.559521
VITC004,Chennai,222,21,351,2,0,2026-01-19T12:56:13.559521
AZI005,Bangalore,149,12,190,12,0,2026-01-19T12:56:13.559521
PCM001,Chennai,83,20,282,9,1,2026-01-19T12:56:13.559521
PCM001,Bangalore,109,5,117,2,0,2026-01-19T12:56:13.559521
PCM001,Chennai,54,7,184,10,1,2026-01-19T12:56:13.559521
PCM001,Hyderabad,116,17,352,2,0,2026-01-19T12:56:13.559521
INS003,Chennai,44,2,179,9,0,2026-01-19T12:56:13.559521
VITC004,Chennai,288,8,278,8,0,2026-01-19T12:56:13.559521
INS003,Bangalore,15,1,227,2,0,2026-01-19T12:56:13.559521
VITC004,Mumbai,113,5,50,11,0,2026-01-19T12:56:13.559521
INS003,Mumbai,76,2,271,9,0,2026-01-19T12:56:13.559521
AMOX002,Mumbai,211,17,125,13,1,2026-01-19T12:56:13.559521
AZI005,Chennai,173,6,350,13,0,2026-01-19T12:56:13.559521
AZI005,Mumbai,95,25,304,8,1,2026-01-19T12:56:13.559521
VITC004,Chennai,46,23,84,4,1,2026-01-19T12:56:13.559521
PCM001,Chennai,261,19,72,7,0,2026-01-19T12:56:13.559521
INS003,Delhi,175,16,282,8,0,2026-01-19T12:56:13.559521
AMOX002,Mumbai,115,14,241,2,0,2026-01-19T12:56:13.559521
AZI005,Delhi,265,6,362,6,0,2026-01-19T12:56:13.559521
PCM001,Mumbai,248,21,227,11,0,2026-01-19T12:56:13.560519
AZI005,Chennai,248,2,323,7,0,2026-01-19T12:56:13.560519
PCM001,Mumbai,164,14,117,7,0,2026-01-19T12:56:13.560519
VITC004,Bangalore,65,16,245,10,1,2026-01-19T12:56:13.560519
VITC004,Chennai,141,19,87,12,1,2026-01-19T12:56:13.560519
INS003,Mumbai,96,15,68,8,1,2026-01-19T12:56:13.560519
AMOX002,Bangalore,159,17,310,2,0,2026-01-19T12:56:13.560519
AZI005,Mumbai,117,11,263,11,1,2026-01-19T12:56:13.560519
AMOX002,Chennai,299,1,205,9,0,2026-01-19T12:56:13.560519
AMOX002,Chennai,266,17,115,3,0,2026-01-19T12:56:13.560519
AMOX002,Hyderabad,221,3,149,4,0,2026-01-19T12:56:13.560519
VITC004,Mumbai,89,21,286,14,1,2026-01-19T12:56:13.560519
PCM001,Delhi,237,11,232,12,0,2026-01-19T12:56:13.560519
INS003,Bangalore,23,10,108,3,1,2026-01-19T12:56:13.560519
INS003,Delhi,19,2,112,11,1,2026-01-19T12:56:13.560519
INS003,Bangalore,24,22,76,4,1,2026-01-19T12:56:13.560519
INS003,Mumbai,132,3,265,4,0,2026-01-19T12:56:13.560519
PCM001,Chennai,272,17,248,14,0,2026-01-19T12:56:13.560519
INS003,Delhi,166,7,89,12,0,2026-01-19T12:56:13.560519
PCM001,Chennai,153,25,112,9,1,2026-01-19T12:56:13.560519
INS003,Bangalore,220,20,301,7,0,2026-01-19T12:56:13.560519
AZI005,Bangalore,209,5,356,14,0,2026-01-19T12:56:13.560519
AMOX002,Mumbai,240,17,315,9,0,2026-01-19T12:56:13.560519
VITC004,Bangalore,181,18,232,4,0,2026-01-19T12:56:13.560519
INS003,Mumbai,163,5,264,14,0,2026-01-19T12:56:13.560519
VITC004,Mumbai,236,21,361,11,0,2026-01-19T12:56:13.560519
INS003,Chennai,242,3,193,13,0,2026-01-19T12:56:13.560519
AZI005,Chennai,270,6,278,2,0,2026-01-19T12:56:13.560519
INS003,Chennai,213,8,79,5,0,2026-01-19T12:56:13.560519
AMOX002,Mumbai,112,13,234,13,1,2026-01-19T12:56:13.560519
AZI005,Hyderabad,178,2,119,4,0,2026-01-19T12:56:13.560519
PCM001,Hyderabad,199,6,330,2,0,2026-01-19T12:56:13.560519
AZI005,Chennai,18,21,326,10,1,2026-01-19T12:56:13.560519
AZI005,Chennai,250,25,62,12,1,2026-01-19T12:56:13.560519
AMOX002,Delhi,281,8,82,13,0,2026-01-19T12:56:13.560519
AMOX002,Mumbai,136,17,77,11,1,2026-01-19T12:56:13.560519
INS003,Delhi,91,8,294,8,0,2026-01-19T12:56:13.560519
INS003,Hyderabad,164,20,120,12,1,2026-01-19T12:56:13.560519
AMOX002,Bangalore,93,23,204,5,1,2026-01-19T12:56:13.560519
PCM001,Hyderabad,221,18,81,11,0,2026-01-19T12:56:13.560519
VITC004,Delhi,126,7,203,13,0,2026-01-19T12:56:13.560519
INS003,Bangalore,105,14,226,4,0,2026-01-19T12:56:13.560519
INS003,Bangalore,129,21,249,14,1,2026-01-19T12:56:13.560519
PCM001,Hyderabad,164,7,65,3,0,2026-01-19T12:56:13.560519
AZI005,Chennai,88,20,252,6,1,2026-01-19T12:56:13.560519
AZI005,Chennai,31,12,276,14,1,2026-01-19T12:56:13.560519
AZI005,Delhi,67,20,140,7,1,2026-01-19T12:56:13.560519
AMOX002,Bangalore,287,4,179,3,0,2026-01-19T12:56:13.560519
PCM001,Hyderabad,262,1,118,2,0,2026-01-19T12:56:13.560519
AZI005,Mumbai,223,7,204,4,0,2026-01-19T12:56:13.560519
AZI005,Mumbai,148,3,300,11,0,2026-01-19T12:56:13.560519
INS003,Delhi,213,18,125,14,1,2026-01-19T12:56:13.560519
AMOX002,Delhi,295,23,258,7,0,2026-01-19T12:56:13.560519
AMOX002,Bangalore,33,4,143,2,0,2026-01-19T12:56:13.560519
AZI005,Hyderabad,115,21,265,3,0,2026-01-19T12:56:13.560519
VITC004,Hyderabad,40,1,157,9,0,2026-01-19T12:56:13.560519
VITC004,Bangalore,23,3,20,10,1,2026-01-19T12:56:13.560519
AMOX002,Mumbai,140,9,303,2,0,2026-01-19T12:56:13.560519
AMOX002,Mumbai,173,15,161,7,0,2026-01-19T12:56:13.560519
AMOX002,Mumbai,230,18,155,7,0,2026-01-19T12:56:13.560519
AMOX002,Hyderabad,261,14,360,8,0,2026-01-19T12:56:13.560519
VITC004,Mumbai,280,3,122,10,0,2026-01-19T12:56:13.560519
AMOX002,Delhi,218,7,292,9,0,2026-01-19T12:56:13.560519
AZI005,Hyderabad,272,23,48,9,0,2026-01-19T12:56:13.560519
PCM001,Chennai,117,18,357,14,1,2026-01-19T12:56:13.560519
AMOX002,Hyderabad,67,2,60,11,0,2026-01-19T12:56:13.560519
INS003,Chennai,200,14,201,6,0,2026-01-19T12:56:13.560519
INS003,Mumbai,150,16,331,2,0,2026-01-19T12:56:13.560519
PCM001,Bangalore,125,11,350,6,0,2026-01-19T12:56:13.560519
AZI005,Delhi,83,22,360,3,0,2026-01-19T12:56:13.560519
AMOX002,Mumbai,248,15,163,8,0,2026-01-19T12:56:13.560519
AMOX002,Mumbai,272,20,233,3,0,2026-01-19T12:56:13.560519
VITC004,Chennai,129,18,205,6,0,2026-01-19T12:56:13.560519
AMOX002,Mumbai,244,17,32,13,0,2026-01-19T12:56:13.560519
AZI005,Bangalore,50,14,129,12,1,2026-01-19T12:56:13.560519
PCM001,Delhi,102,16,131,9,1,2026-01-19T12:56:13.560519
VITC004,Chennai,146,3,151,7,0,2026-01-19T12:56:13.560519
INS003,Mumbai,205,11,95,14,0,2026-01-19T12:56:13.560519
PCM001,Delhi,15,5,27,4,1,2026-01-19T12:56:13.560519
INS003,Chennai,158,22,131,14,1,2026-01-19T12:56:13.560519
INS003,Bangalore,263,16,248,3,0,2026-01-19T12:56:13.560519
AZI005,Delhi,51,10,128,13,1,2026-01-19T12:56:13.560519
INS003,Mumbai,273,2,68,14,0,2026-01-19T12:56:13.560519
AZI005,Mumbai,133,14,328,3,0,2026-01-19T12:56:13.560519
AMOX002,Bangalore,194,8,130,5,0,2026-01-19T12:56:13.560519
AZI005,Delhi,51,24,69,6,1,2026-01-19T12:56:13.560519
PCM001,Mumbai,83,10,197,2,0,2026-01-19T12:56:13.560519
AZI005,Chennai,42,14,168,4,1,2026-01-19T12:56:13.560519
INS003,Hyderabad,288,2,298,10,0,2026-01-19T12:56:13.560519
AMOX002,Delhi,150,12,62,4,0,2026-01-19T12:56:13.560519
PCM001,Hyderabad,138,25,293,13,1,2026-01-19T12:56:13.560519
VITC004,Bangalore,40,4,159,4,0,2026-01-19T12:56:13.560519
AZI005,Delhi,283,24,154,4,0,2026-01-19T12:56:13.560519
VITC004,Hyderabad,46,24,159,14,1,2026-01-19T12:56:13.560519
AZI005,Chennai,157,3,264,12,0,2026-01-19T12:56:13.560519
INS003,Mumbai,211,5,249,4,0,2026-01-19T12:56:13.560519
VITC004,Mumbai,128,18,325,6,0,2026-01-19T12:56:13.560519
VITC004,Mumbai,109,11,96,7,0,2026-01-19T12:56:13.560519
AZI005,Delhi,289,12,52,9,0,2026-01-19T12:56:13.560519
INS003,Delhi,116,5,339,3,0,2026-01-19T12:56:13.560519
AZI005,Mumbai,159,19,155,4,0,2026-01-19T12:56:13.560519
INS003,Mumbai,190,16,234,14,1,2026-01-19T12:56:13.560519
AZI005,Chennai,216,12,118,13,0,2026-01-19T12:56:13.560519
AZI005,Mumbai,263,9,356,13,0,2026-01-19T12:56:13.560519
VITC004,Delhi,236,1,247,3,0,2026-01-19T12:56:13.560519
INS003,Mumbai,189,19,270,3,0,2026-01-19T12:56:13.560519
AMOX002,Delhi,173,7,210,10,0,2026-01-19T12:56:13.560519
VITC004,Bangalore,290,23,291,3,0,2026-01-19T12:56:13.560519
VITC004,Bangalore,101,16,87,7,1,2026-01-19T12:56:13.560519
PCM001,Chennai,150,13,322,3,0,2026-01-19T12:56:13.560519
VITC004,Mumbai,219,3,123,8,0,2026-01-19T12:56:13.560519
AMOX002,Hyderabad,291,4,128,14,0,2026-01-19T12:56:13.560519
AZI005,Bangalore,278,19,215,8,0,2026-01-19T12:56:13.560519
AZI005,Bangalore,255,21,200,10,0,2026-01-19T12:56:13.560519
AZI005,Bangalore,252,14,317,9,0,2026-01-19T12:56:13.560519
PCM001,Mumbai,105,20,293,14,1,2026-01-19T12:56:13.560519
PCM001,Delhi,91,3,251,6,0,2026-01-19T12:56:13.560519
VITC004,Chennai,108,21,48,12,1,2026-01-19T12:56:13.560519
AZI005,Delhi,42,9,335,14,1,2026-01-19T12:56:13.560519
AZI005,Hyderabad,96,1,338,11,0,2026-01-19T12:56:13.560519
PCM001,Mumbai,94,3,307,5,0,2026-01-19T12:56:13.560519
AZI005,Delhi,238,22,349,11,1,2026-01-19T12:56:13.560519
AZI005,Bangalore,116,1,44,2,0,2026-01-19T12:56:13.560519
AZI005,Bangalore,229,11,249,2,0,2026-01-19T12:56:13.560519
INS003,Hyderabad,43,11,138,7,1,2026-01-19T12:56:13.560519
VITC004,Mumbai,261,4,195,8,0,2026-01-19T12:56:13.560519
AZI005,Mumbai,117,8,290,10,0,2026-01-19T12:56:13.560519
INS003,Bangalore,16,11,220,8,1,2026-01-19T12:56:13.560519
VITC004,Bangalore,105,8,287,10,0,2026-01-19T12:56:13.560519
AZI005,Bangalore,292,23,330,6,0,2026-01-19T12:56:13.560519
PCM001,Delhi,33,4,35,6,0,2026-01-19T12:56:13.560519
AMOX002,Bangalore,70,6,234,4,0,2026-01-19T12:56:13.560519
AZI005,Bangalore,87,23,230,10,1,2026-01-19T12:56:13.560519
INS003,Hyderabad,41,17,333,13,1,2026-01-19T12:56:13.560519
VITC004,Mumbai,23,19,48,8,1,2026-01-19T12:56:13.560519
VITC004,Hyderabad,62,9,117,12,1,2026-01-19T12:56:13.560519
PCM001,Chennai,134,11,257,4,0,2026-01-19T12:56:13.560519
PCM001,Hyderabad,241,25,51,10,1,2026-01-19T12:56:13.560519
INS003,Chennai,198,24,40,11,1,2026-01-19T12:56:13.560519
AZI005,Hyderabad,249,2,274,7,0,2026-01-19T12:56:13.560519
AZI005,Delhi,300,9,174,2,0,2026-01-19T12:56:13.560519
AMOX002,Chennai,227,19,165,8,0,2026-01-19T12:56:13.560519
VITC004,Delhi,12,21,200,12,1,2026-01-19T12:56:13.560519
AMOX002,Bangalore,18,11,256,7,1,2026-01-19T12:56:13.560519
PCM001,Hyderabad,105,13,299,13,1,2026-01-19T12:56:13.560519
AMOX002,Mumbai,294,14,320,8,0,2026-01-19T12:56:13.560519
AZI005,Delhi,173,20,330,14,1,2026-01-19T12:56:13.560519
AMOX002,Bangalore,226,18,53,12,0,2026-01-19T12:56:13.560519
AZI005,Chennai,91,14,117,5,0,2026-01-19T12:56:13.560519
AZI005,Delhi,164,4,219,5,0,2026-01-19T12:56:13.560519
INS003,Hyderabad,125,25,63,6,1,2026-01-19T12:56:13.560519
INS003,Hyderabad,122,10,26,12,0,2026-01-19T12:56:13.560519
PCM001,Chennai,75,10,66,4,0,2026-01-19T12:56:13.560519
INS003,Chennai,99,11,276,6,0,2026-01-19T12:56:13.560519
AMOX002,Hyderabad,170,7,58,4,0,2026-01-19T12:56:13.560519
PCM001,Bangalore,36,10,185,8,1,2026-01-19T12:56:13.560519
VITC004,Mumbai,13,6,89,13,1,2026-01-19T12:56:13.560519
PCM001,Mumbai,269,21,199,2,0,2026-01-19T12:56:13.560519
AMOX002,Delhi,212,16,44,9,0,2026-01-19T12:56:13.560519
AZI005,Hyderabad,74,9,136,11,1,2026-01-19T12:56:13.560519
PCM001,Hyderabad,115,15,330,8,1,2026-01-19T12:56:13.560519
AZI005,Chennai,67,16,323,7,1,2026-01-19T12:56:13.560519
VITC004,Hyderabad,267,21,351,6,0,2026-01-19T12:56:13.560519
AMOX002,Hyderabad,285,3,10,6,0,2026-01-19T12:56:13.560519
AMOX002,Chennai,250,9,116,9,0,2026-01-19T12:56:13.560519
INS003,Chennai,289,23,70,6,0,2026-01-19T12:56:13.560519
AMOX002,Delhi,175,12,196,12,0,2026-01-19T12:56:13.560519
AMOX002,Mumbai,105,2,289,9,0,2026-01-19T12:56:13.560519
AMOX002,Hyderabad,159,18,206,14,1,2026-01-19T12:56:13.560519
AZI005,Chennai,136,7,242,10,0,2026-01-19T12:56:13.560519
VITC004,Hyderabad,93,17,83,12,1,2026-01-19T12:56:13.560519
PCM001,Delhi,247,2,263,4,0,2026-01-19T12:56:13.560519
PCM001,Hyderabad,237,9,307,5,0,2026-01-19T12:56:13.560519
VITC004,Chennai,253,13,312,13,0,2026-01-19T12:56:13.560519
AMOX002,Mumbai,112,6,70,6,0,2026-01-19T12:56:13.560519
AZI005,Chennai,115,23,278,12,1,2026-01-19T12:56:13.560519
INS003,Hyderabad,137,8,159,13,0,2026-01-19T12:56:13.560519
AZI005,Chennai,14,6,312,9,1,2026-01-19T12:56:13.560519
AMOX002,Bangalore,293,21,279,11,0,2026-01-19T12:56:13.560519
AZI005,Bangalore,242,12,21,14,0,2026-01-19T12:56:13.560519
AMOX002,Delhi,255,16,307,9,0,2026-01-19T12:56:13.560519
PCM001,Mumbai,51,14,67,9,1,2026-01-19T12:56:13.560519
AZI005,Chennai,210,18,79,10,0,2026-01-19T12:56:13.560519
AZI005,Mumbai,263,10,291,7,0,2026-01-19T12:56:13.560519
VITC004,Chennai,127,3,349,3,0,2026-01-19T12:56:13.560519
AZI005,Bangalore,206,9,20,6,0,2026-01-19T12:56:13.560519
AZI005,Mumbai,253,11,31,12,0,2026-01-19T12:56:13.560519
INS003,Mumbai,201,21,21,4,0,2026-01-19T12:56:13.560519
VITC004,Hyderabad,25,24,302,3,1,2026-01-19T12:56:13.560519
AZI005,Bangalore,127,17,37,2,0,2026-01-19T12:56:13.560519
AZI005,Hyderabad,223,3,179,14,0,2026-01-19T12:56:13.560519
INS003,Bangalore,18,2,244,14,1,2026-01-19T12:56:13.560519
PCM001,Bangalore,18,17,263,2,1,2026-01-19T12:56:13.560519
INS003,Mumbai,167,21,261,4,0,2026-01-19T12:56:13.560519
AZI005,Bangalore,75,14,310,5,0,2026-01-19T12:56:13.560519
INS003,Chennai,35,1,21,11,0,2026-01-19T12:56:13.560519
VITC004,Chennai,297,24,106,7,0,2026-01-19T12:56:13.560519
INS003,Delhi,182,1,286,11,0,2026-01-19T12:56:13.560519
AZI005,Delhi,276,21,251,3,0,2026-01-19T12:56:13.560519
PCM001,Bangalore,216,2,147,10,0,2026-01-19T12:56:13.560519
AZI005,Mumbai,157,1,296,4,0,2026-01-19T12:56:13.561026
PCM001,Bangalore,127,14,357,8,0,2026-01-19T12:56:13.561026
VITC004,Chennai,36,19,28,2,1,2026-01-19T12:56:13.561026
VITC004,Delhi,106,25,157,10,1,2026-01-19T12:56:13.561026
VITC004,Chennai,274,22,163,11,0,2026-01-19T12:56:13.561026
INS003,Bangalore,132,5,207,8,0,2026-01-19T12:56:13.561026
INS003,Hyderabad,142,11,363,9,0,2026-01-19T12:56:13.561026
VITC004,Bangalore,159,5,269,11,0,2026-01-19T12:56:13.561026
PCM001,Hyderabad,198,6,108,11,0,2026-01-19T12:56:13.561026
VITC004,Delhi,183,21,111,7,0,2026-01-19T12:56:13.561026
AZI005,Chennai,265,20,334,10,0,2026-01-19T12:56:13.561026
INS003,Chennai,292,19,159,2,0,2026-01-19T12:56:13.561026
INS003,Hyderabad,16,23,96,14,1,2026-01-19T12:56:13.561026
AZI005,Hyderabad,263,13,200,13,0,2026-01-19T12:56:13.561026
AMOX002,Bangalore,91,10,269,12,1,2026-01-19T12:56:13.561026
PCM001,Delhi,38,19,69,14,1,2026-01-19T12:56:13.561026
VITC004,Chennai,102,3,26,2,0,2026-01-19T12:56:13.561026
AZI005,Mumbai,112,8,82,7,0,2026-01-19T12:56:13.561026
PCM001,Bangalore,174,11,233,4,0,2026-01-19T12:56:13.561026
VITC004,Delhi,250,9,17,11,0,2026-01-19T12:56:13.561026
INS003,Bangalore,208,13,109,7,0,2026-01-19T12:56:13.561026
VITC004,Hyderabad,213,8,200,6,0,2026-01-19T12:56:13.561026
VITC004,Bangalore,25,22,169,11,1,2026-01-19T12:56:13.561026
PCM001,Mumbai,180,1,99,7,0,2026-01-19T12:56:13.561026
AMOX002,Chennai,46,12,279,8,1,2026-01-19T12:56:13.561026
AZI005,Hyderabad,154,3,360,13,0,2026-01-19T12:56:13.561026
PCM001,Chennai,53,23,54,4,1,2026-01-19T12:56:13.561026
AMOX002,Chennai,132,6,102,14,0,2026-01-19T12:56:13.561026
AZI005,Delhi,256,4,347,12,0,2026-01-19T12:56:13.561026
AZI005,Chennai,71,13,292,13,1,2026-01-19T12:56:13.561026
INS003,Hyderabad,16,2,332,13,1,2026-01-19T12:56:13.561026
PCM001,Mumbai,40,18,17,2,0,2026-01-19T12:56:13.561026
AZI005,Mumbai,296,1,102,5,0,2026-01-19T12:56:13.561026
INS003,Mumbai,48,3,101,4,0,2026-01-19T12:56:13.561026
VITC004,Hyderabad,39,8,252,2,0,2026-01-19T12:56:13.561026
AZI005,Bangalore,190,14,180,7,0,2026-01-19T12:56:13.561026
INS003,Mumbai,95,25,314,11,1,2026-01-19T12:56:13.561026
AZI005,Mumbai,207,5,160,2,0,2026-01-19T12:56:13.561026
VITC004,Bangalore,184,25,329,11,1,2026-01-19T12:56:13.561026
INS003,Bangalore,11,18,61,10,1,2026-01-19T12:56:13.561026
PCM001,Delhi,284,3,50,11,0,2026-01-19T12:56:13.561026
VITC004,Hyderabad,167,3,289,10,0,2026-01-19T12:56:13.561026
PCM001,Delhi,107,18,98,5,0,2026-01-19T12:56:13.561026
VITC004,Chennai,99,11,324,14,1,2026-01-19T12:56:13.561026
AMOX002,Bangalore,157,11,207,8,0,2026-01-19T12:56:13.561026
AMOX002,Chennai,32,24,245,4,1,2026-01-19T12:56:13.561026
AMOX002,Mumbai,197,11,47,13,0,2026-01-19T12:56:13.561026
AZI005,Bangalore,184,14,248,2,0,2026-01-19T12:56:13.561026
INS003,Bangalore,240,4,302,5,0,2026-01-19T12:56:13.561026
INS003,Bangalore,257,8,121,10,0,2026-01-19T12:56:13.561026
AMOX002,Hyderabad,100,21,220,6,1,2026-01-19T12:56:13.561026
PCM001,Bangalore,120,6,196,6,0,2026-01-19T12:56:13.561026
INS003,Mumbai,289,18,260,7,0,2026-01-19T12:56:13.561026
PCM001,Hyderabad,37,4,301,10,1,2026-01-19T12:56:13.561026
PCM001,Bangalore,169,3,163,12,0,2026-01-19T12:56:13.561026
VITC004,Chennai,79,20,21,8,1,2026-01-19T12:56:13.561026
AZI005,Hyderabad,165,2,271,3,0,2026-01-19T12:56:13.561026
AMOX002,Mumbai,163,14,310,3,0,2026-01-19T12:56:13.561026
VITC004,Chennai,100,6,176,5,0,2026-01-19T12:56:13.561026
AMOX002,Bangalore,174,17,324,4,0,2026-01-19T12:56:13.561026
PCM001,Chennai,257,7,161,9,0,2026-01-19T12:56:13.561026
AMOX002,Hyderabad,238,23,272,4,0,2026-01-19T12:56:13.561026
PCM001,Chennai,205,19,43,12,1,2026-01-19T12:56:13.561026
INS003,Bangalore,136,2,151,4,0,2026-01-19T12:56:13.561026
PCM001,Delhi,220,16,268,10,0,2026-01-19T12:56:13.561026
AZI005,Delhi,218,17,28,14,1,2026-01-19T12:56:13.561026
AZI005,Mumbai,173,1,113,9,0,2026-01-19T12:56:13.561026
AMOX002,Bangalore,224,16,266,8,0,2026-01-19T12:56:13.561026
PCM001,Chennai,96,16,313,7,1,2026-01-19T12:56:13.561026
AMOX002,Chennai,189,22,294,5,0,2026-01-19T12:56:13.561026
VITC004,Chennai,146,1,297,4,0,2026-01-19T12:56:13.561026
AMOX002,Delhi,261,3,74,9,0,2026-01-19T12:56:13.561026
AMOX002,Mumbai,154,15,28,2,0,2026-01-19T12:56:13.561026
VITC004,Delhi,32,8,114,10,1,2026-01-19T12:56:13.561026
AMOX002,Hyderabad,204,10,305,4,0,2026-01-19T12:56:13.561026
VITC004,Hyderabad,206,18,197,7,0,2026-01-19T12:56:13.561026
AMOX002,Bangalore,235,17,286,12,0,2026-01-19T12:56:13.561026
VITC004,Delhi,70,21,219,12,1,2026-01-19T12:56:13.561026
INS003,Hyderabad,54,14,178,6,1,2026-01-19T12:56:13.561026
PCM001,Chennai,32,13,49,11,1,2026-01-19T12:56:13.561026
VITC004,Bangalore,258,2,154,9,0,2026-01-19T12:56:13.561026
INS003,Mumbai,123,8,235,7,0,2026-01-19T12:56:13.561026
AZI005,Hyderabad,77,25,70,8,1,2026-01-19T12:56:13.561026
PCM001,Chennai,152,13,70,11,0,2026-01-19T12:56:13.561026
INS003,Hyderabad,71,24,108,6,1,2026-01-19T12:56:13.561026
VITC004,Bangalore,132,24,159,11,1,2026-01-19T12:56:13.561026
AMOX002,Chennai,231,3,265,6,0,2026-01-19T12:56:13.561026
VITC004,Delhi,86,23,169,7,1,2026-01-19T12:56:13.561026
AMOX002,Delhi,69,25,199,14,1,2026-01-19T12:56:13.561026
AZI005,Delhi,263,14,348,13,0,2026-01-19T12:56:13.561026
VITC004,Bangalore,100,10,180,8,0,2026-01-19T12:56:13.561026
INS003,Hyderabad,84,9,223,5,0,2026-01-19T12:56:13.561026
AMOX002,Bangalore,82,22,227,10,1,2026-01-19T12:56:13.561026
INS003,Delhi,151,19,134,10,1,2026-01-19T12:56:13.561026
VITC004,Mumbai,201,23,72,5,0,2026-01-19T12:56:13.561026
VITC004,Mumbai,174,20,348,8,0,2026-01-19T12:56:13.561026
VITC004,Mumbai,109,19,229,8,1,2026-01-19T12:56:13.561026
AMOX002,Mumbai,228,15,142,3,0,2026-01-19T12:56:13.561026
AZI005,Delhi,164,22,57,3,0,2026-01-19T12:56:13.561026
INS003,Mumbai,32,8,163,8,1,2026-01-19T12:56:13.561026
PCM001,Bangalore,204,19,17,12,1,2026-01-19T12:56:13.561026
VITC004,Hyderabad,282,9,69,10,0,2026-01-19T12:56:13.561026
AZI005,Bangalore,238,7,183,12,0,2026-01-19T12:56:13.561026
INS003,Hyderabad,130,25,47,8,1,2026-01-19T12:56:13.561026
PCM001,Delhi,222,2,333,5,0,2026-01-19T12:56:13.561026
VITC004,Mumbai,16,2,305,11,1,2026-01-19T12:56:13.561026
AZI005,Bangalore,76,2,232,5,0,2026-01-19T12:56:13.561026
INS003,Bangalore,151,4,172,8,0,2026-01-19T12:56:13.561026
AZI005,Delhi,53,14,250,11,1,2026-01-19T12:56:13.561026
PCM001,Delhi,253,9,134,14,0,2026-01-19T12:56:13.561026
VITC004,Hyderabad,55,9,17,9,1,2026-01-19T12:56:13.561026
INS003,Bangalore,74,23,93,13,1,2026-01-19T12:56:13.561026
AZI005,Mumbai,238,19,180,7,0,2026-01-19T12:56:13.561026
AMOX002,Delhi,29,3,178,13,1,2026-01-19T12:56:13.561026
PCM001,Mumbai,219,4,123,5,0,2026-01-19T12:56:13.561026
AZI005,Bangalore,147,1,154,11,0,2026-01-19T12:56:13.561026
VITC004,Hyderabad,156,21,155,14,1,2026-01-19T12:56:13.561026
AZI005,Delhi,78,25,164,10,1,2026-01-19T12:56:13.561026
AZI005,Chennai,124,12,327,6,0,2026-01-19T12:56:13.561026
VITC004,Mumbai,49,5,284,10,1,2026-01-19T12:56:13.561026
AZI005,Hyderabad,122,16,51,13,1,2026-01-19T12:56:13.561026
PCM001,Hyderabad,221,7,300,13,0,2026-01-19T12:56:13.561026
INS003,Delhi,228,16,57,8,0,2026-01-19T12:56:13.561026
PCM001,Delhi,245,5,256,6,0,2026-01-19T12:56:13.561026
VITC004,Mumbai,133,16,328,14,1,2026-01-19T12:56:13.561026
INS003,Chennai,222,8,304,4,0,2026-01-19T12:56:13.561026
INS003,Delhi,215,12,252,10,0,2026-01-19T12:56:13.561026
PCM001,Hyderabad,268,6,282,12,0,2026-01-19T12:56:13.561026
AZI005,Hyderabad,235,13,270,6,0,2026-01-19T12:56:13.561026
AZI005,Bangalore,272,22,14,14,1,2026-01-19T12:56:13.561026
AZI005,Mumbai,155,14,85,13,1,2026-01-19T12:56:13.561026
PCM001,Chennai,225,8,94,3,0,2026-01-19T12:56:13.561026
PCM001,Hyderabad,252,2,323,4,0,2026-01-19T12:56:13.561026
AZI005,Chennai,149,10,240,14,0,2026-01-19T12:56:13.561026
VITC004,Delhi,51,15,52,9,1,2026-01-19T12:56:13.561026
AZI005,Chennai,102,18,323,10,1,2026-01-19T12:56:13.561026
PCM001,Chennai,189,17,262,2,0,2026-01-19T12:56:13.561026
AZI005,Bangalore,289,2,96,11,0,2026-01-19T12:56:13.561026
PCM001,Hyderabad,288,11,230,9,0,2026-01-19T12:56:13.561026
PCM001,Chennai,172,22,78,6,0,2026-01-19T12:56:13.561026
AZI005,Chennai,287,10,347,14,0,2026-01-19T12:56:13.561026
INS003,Delhi,189,19,126,3,0,2026-01-19T12:56:13.561026
VITC004,Hyderabad,83,11,352,13,1,2026-01-19T12:56:13.561026
VITC004,Delhi,128,3,362,8,0,2026-01-19T12:56:13.561026
INS003,Chennai,116,7,178,7,0,2026-01-19T12:56:13.561026
INS003,Delhi,103,24,172,2,0,2026-01-19T12:56:13.561026
VITC004,Hyderabad,232,14,359,6,0,2026-01-19T12:56:13.561026
AMOX002,Bangalore,216,2,176,11,0,2026-01-19T12:56:13.561026
AZI005,Hyderabad,114,16,264,10,1,2026-01-19T12:56:13.561026
AMOX002,Chennai,103,25,164,12,1,2026-01-19T12:56:13.561026
INS003,Delhi,254,24,174,9,0,2026-01-19T12:56:13.561026
AZI005,Chennai,153,10,334,2,0,2026-01-19T12:56:13.561026
VITC004,Delhi,54,8,166,8,1,2026-01-19T12:56:13.561026
VITC004,Chennai,263,19,347,12,0,2026-01-19T12:56:13.561026
PCM001,Delhi,57,7,284,2,0,2026-01-19T12:56:13.561026
VITC004,Mumbai,57,5,151,10,0,2026-01-19T12:56:13.561026
VITC004,Mumbai,154,8,145,5,0,2026-01-19T12:56:13.561026
AMOX002,Hyderabad,196,9,259,12,0,2026-01-19T12:56:13.561026
PCM001,Bangalore,278,17,103,14,0,2026-01-19T12:56:13.561026
AZI005,Delhi,102,12,356,6,0,2026-01-19T12:56:13.561026
VITC004,Delhi,76,25,70,13,1,2026-01-19T12:56:13.561026
PCM001,Bangalore,241,4,345,2,0,2026-01-19T12:56:13.561026
INS003,Mumbai,88,9,335,2,0,2026-01-19T12:56:13.561026
VITC004,Mumbai,95,5,14,2,0,2026-01-19T12:56:13.561026
INS003,Chennai,173,13,75,4,0,2026-01-19T12:56:13.561026
AMOX002,Delhi,245,10,37,12,0,2026-01-19T12:56:13.561026
INS003,Hyderabad,256,18,210,6,0,2026-01-19T12:56:13.561026
INS003,Delhi,203,9,330,13,0,2026-01-19T12:56:13.561026
AZI005,Bangalore,233,18,35,11,0,2026-01-19T12:56:13.561026
AZI005,Delhi,148,5,169,9,0,2026-01-19T12:56:13.561026
AZI005,Bangalore,212,8,242,13,0,2026-01-19T12:56:13.561026
PCM001,Mumbai,300,25,118,7,0,2026-01-19T12:56:13.561026
PCM001,Hyderabad,228,17,20,10,0,2026-01-19T12:56:13.561026
AMOX002,Hyderabad,65,20,359,5,1,2026-01-19T12:56:13.561026
AMOX002,Hyderabad,39,24,181,4,1,2026-01-19T12:56:13.561026
AMOX002,Delhi,287,11,359,12,0,2026-01-19T12:56:13.561026
AMOX002,Delhi,83,10,65,14,1,2026-01-19T12:56:13.561026
VITC004,Hyderabad,24,21,284,8,1,2026-01-19T12:56:13.561026
AZI005,Bangalore,115,14,192,5,0,2026-01-19T12:56:13.561026
AZI005,Mumbai,171,16,342,3,0,2026-01-19T12:56:13.561026
AZI005,Chennai,151,2,102,7,0,2026-01-19T12:56:13.561026
VITC004,Bangalore,60,18,263,12,1,2026-01-19T12:56:13.561026
PCM001,Chennai,39,25,27,12,1,2026-01-19T12:56:13.561026
PCM001,Delhi,220,17,185,3,0,2026-01-19T12:56:13.561026
VITC004,Bangalore,66,24,224,10,1,2026-01-19T12:56:13.561026
AMOX002,Chennai,238,11,158,14,0,2026-01-19T12:56:13.561026
INS003,Hyderabad,126,21,167,13,1,2026-01-19T12:56:13.561026
AZI005,Hyderabad,96,16,45,14,1,2026-01-19T12:56:13.561026
PCM001,Mumbai,212,3,242,12,0,2026-01-19T12:56:13.561026
AZI005,Bangalore,45,24,136,9,1,2026-01-19T12:56:13.561026
